en,fr,it,es
---,---,---,---
,,,
,,,
,Au dessus de Temporis.,,
,,,
,1/4,,
,,,
,,,
,,,
,,,
,,,
,,,
,,,
,,,
,,,
,,,
,,,
,,,
,,,
,,,
,,,
,,,
,,,
,,,
,,,
,,,
,,,
,,,
,,,
,,,
,,,
,,,
,,,
,,,
,,,
,,,
,,,
,,,
,,,
,,,
,,,
,,,
,,,
,,,
,,,
,,,
,,,
,,,
,,,
,,,
,,,
,,,
,,,
,,,
,,,
,,,
,,,
,,,
,,,
,,,
,,,
,,,
,,,
Foret à droite de Lumi,Foret à droite de Lumi,Foret à droite de Lumi,Foret à droite de Lumi
bois,bois,bois,bois
,,,
,,,
,,,
,,,
,,,
,,,
,,,
,,,
,,,
,,,
,,,
,,,
,,,
,,,
,,,
,,,
,,,
,,,
,,,
,,,
,,,
,,,
,,,
,,,
,,,
,,,
,,,
,,,
,,,
,,,
,,,
,,,
,Ville avant Route Victoire,,
,,,
,,,
,,,
,,,
,Ville sur l'île de Printhana.,,
,,,
au dessus de teneris,au dessus de teneris,au dessus de teneris,au dessus de teneris
Ville du 8eme Badge,Ville du 8eme Badge,Ville du 8eme Badge,Ville du 8eme Badge
,,,
,,,
,,,
,,,
,,,
,,,
,,,
,,,
,,,
,,,
,,,
,,,
,,,
,,,
,,,
,,,
,,,
